What is the birth date of Dave Grohl?	http://www.wikidata.org/entity/Q12006	1969-01-14T00:00:00Z
The birth date of Dave Grohl was when?	http://www.wikidata.org/entity/Q12006	1969-01-14T00:00:00Z
What are the parts of a guitar?	http://www.wikidata.org/entity/Q6607	neck 	body
What are the genres of Tame Impala?	http://www.wikidata.org/entity/Q9619	alternative rock	psychedelic rock	psychedelic pop
What is the birth name of Freddy Mercury?	http://www.wikidata.org/entity/Q15869	Farrokh Bulsara
What was the cause of death of Michael Jackson?	http://www.wikidata.org/entity/Q2831	myocardial infarction	combined drug intoxication
What was the country of origin of Intergalactic Lovers?	http://www.wikidata.org/entity/Q779928	Belgium
When was the date of death of Mozart?	http://www.wikidata.org/entity/Q254	1791-12-05T00:00:00Z
What is the official website of Foals?	http://www.wikidata.org/entity/Q728958	https://www.foals.co.uk/
What is the birth place of B. B. King?	http://www.wikidata.org/entity/Q188969	Berclair
When was the term reggaeton first coined and by whom?	http://www.wikidata.org/entity/Q202930	1994	Daddy Yankee 
What song did Skrillex release after Bangarang?	http://www.wikidata.org/entity/Q806469	Make It Bun Dem 
With whom did Skrillex collaborate for the song Make It Bun Dem?	http://www.wikidata.org/entity/Q23094	Damian Marley 
Did Don Diablo or Fatboy Slim release the song Cutting Shapes?	http://www.wikidata.org/entity/Q30646076	Don Diablo 
Does deadmau5 make house music?	http://www.wikidata.org/entity/Q49009	Yes 
Is deadmau5 only a composer?	http://www.wikidata.org/entity/Q49009	No 
Are Skrillex and Diplo the full list of members that are part of Jack Ü?	http://www.wikidata.org/entity/Q18153648	Yes 
Are Dieter Bohlen and Thomas Anders the only members of Modern Talking?	http://www.wikidata.org/entity/Q27417	Yes 
Who were members of AC/DC during 1973 and 1974?	http://www.wikidata.org/entity/Q27593	Angus Young	Malcom Young	Cliff Williams	Dave Evans	Bon Scott	Mark Evans	George Young	Stevie Young	Axl Rose 
Who joined AC/DC in the 90s?	http://www.wikidata.org/entity/Q27593	Phil Rudd	Chris Slade 
What type of musical instrument is a Roland TR-808?	http://www.wikidata.org/entity/Q1414221	drum machine 
Where was Italian violinist and composer Niccolò Paganini born?	http://www.wikidata.org/entity/Q66075	Genoa 
Which instrument does Dutch Prime Minister Mark Rutte play?	http://www.wikidata.org/entity/Q57792	piano 
When was The Beatles' "White Album" released?	http://www.wikidata.org/entity/Q3295515	22 November 1968 
How many violins are in a string quartet?	http://www.wikidata.org/entity/Q207338	2 
During which year was the genre of noise music first introduced?	http://www.wikidata.org/entity/Q726239	1910 
Which instruments did Amy Winehouse play?	http://www.wikidata.org/entity/Q15897	guitar	drum kit	voice 
Who are the members of American country rock band The Eagles?	http://www.wikidata.org/entity/Q189635	Glenn Frey	Don Henley	Timothy Bruce Schmit	Joe Walsh	Don Felder	Randy Meisner	Bernie Leadon 
The record label XL Recordings, famous for artists such as Tyler, the Creator and The xx, was founded in which country?	http://www.wikidata.org/entity/Q1123947	United Kingdom 
For what genre are music duo The Upbeats best known?	http://www.wikidata.org/entity/Q7771774	drum and bass 
Where do the Beatles come from?	http://www.wikidata.org/entity/Q1299	United Kingdom 
What is the full name of Elvis Presley?	http://www.wikidata.org/entity/Q303	Elvis Aaron Presley 
What is the birth date of Elvis Presley?	http://www.wikidata.org/entity/Q303	8 January 1935 
When was hardstyle founded?	http://www.wikidata.org/entity/Q223840	1998 
What is the gender of Michael Jackson?	http://www.wikidata.org/entity/Q2831	male 
Who is the artist of Zoutelande?	http://www.wikidata.org/entity/Q47546550	BLØF 
Where was Lee Towers born?	http://www.wikidata.org/entity/Q1812015	Bolnes 
What is Lee Towers' profession?	http://www.wikidata.org/entity/Q1812015	singer 
What is Lee Towers' music genre?	http://www.wikidata.org/entity/Q1812015	pop music 
Who are the members of Queen?	http://www.wikidata.org/entity/Q15862	Freddie Mercurie	Brian May	Roger Taylor	John Deacon 
When was the start of heavy metal?	http://www.wikidata.org/entity/Q38848	1968 
What genres does Toto play?	http://www.wikidata.org/entity/Q207472	Progressive Rock	Pop Rock	Soft Rock	Hard Rock 
What subclass of instruments is a violin in?	http://www.wikidata.org/entity/Q8355	Necked box lutes with a bow 
What is Alice Cooper's real name?	http://www.wikidata.org/entity/Q332032	Vincent Damon Furnier 
What are guitars usually made of?	http://www.wikidata.org/entity/Q6607	Maple	Mahogany 
When was John Williams born?	http://www.wikidata.org/entity/Q131285	08-02-1932 
Who are the members of Queen?	http://www.wikidata.org/entity/Q15862	Freddie Mercury	Brain May	Roger Taylor	John Deacon 
Where does K-pop come from?	http://www.wikidata.org/entity/Q213665	South Korea 
Which record labels has Marco Borsato been signed to?	http://www.wikidata.org/entity/Q429385	Polydor Records	Universal Music Group 
What year was the song '1999' by Prince published?	http://www.wikidata.org/entity/Q208837	1982 
How many albums did Queen make?	http://wikidata.org/entity/Q59263377	8 
What kind of band is GreenDay	http://www.wikidata.org/entity/Q47871	American punk rock band 
Which awards did The Black Keys recieve?	http://www.wikidata.org/entity/Q606226	MTV Video Music Award	Grammy Award	BRIT Awards 
In what city was Die Antwoord formed?	http://wikidata.org/entity/Q23376	Cape Town 
Which album does Smooth Operator from Sade belong to?	http://wikidata.org/entity/Q904971	Diamond Life 
Which instruments does James Brown play?	http://www.wikidata.org/entity/Q5950	guitar	organ	voice 
What date was Anthony Kiedis born?	http://www.wikidata.org/entity/Q204751	1962-11-1 
How many members does Nirvana have?	http://www.wikidata.org/entity/Q11649	4 
What record label produced Iggy Pop's The Passenger?	http://www.wikidata.org/entity/Q2298336	RCA Records 
What single did Wheatus publish after Teenage Dirtbag?	http://www.wikidata.org/entity/Q1610610	A Little Respect 
Where is Dave Grohl from?	http://www.wikidata.org/entity/Q12006	United states of america 
What is the birth name of Dave Grohl?	http://www.wikidata.org/entity/Q12006	David Eric Grohl 
When was Dave Grohl born?	http://www.wikidata.org/entity/Q12006	14 January 1969 
What bands did Dave Grohl play in?	http://www.wikidata.org/entity/Q12006	Nirvana	The Foo Fighters	Them Crooked Vultures 
What occupations does Dave Grohl have?	http://www.wikidata.org/entity/Q12006	guitarist	film director	singer-songwriter	drummer	singer 
What genres do The Foals belong to?	http://www.wikidata.org/entity/Q728958	indie rock	alternative rock	math rock	art rock	dance-punk	post-rock	experimental rock 
Do The Foals make indie rock?	http://www.wikidata.org/entity/Q728958	yes 
What bands does Elena Tonra play in?	http://www.wikidata.org/entity/Q60713104	Daugther	Ex:Re 
When was Lovley day by Bill Whiters released?	http://www.wikidata.org/entity/Q6692274	16 December 1977 
What was freddie mercury's birth name?	http://www.wikidata.org/entity/Q15869	Farrokh Bulsara 
What song did Beyonce release after single ladies?	http://www.wikidata.org/entity/Q147409	If I Were a Boy 
When did Leslie Cheung die?	http://www.wikidata.org/entity/Q313596	2003-04-01 
Who composed the pop song Gangnam Style?	http://www.wikidata.org/entity/Q890	Psy	Yoo Gun Hyung 
Who are the members of Beyond?	http://www.wikidata.org/entity/Q853266	Wong Ka Kui	Wong Ka Keung	Paul Wong	Yip Sai Wing 
London born singer Miss Adkins is better known by what name?	http://www.wikidata.org/entity/Q23215	Adele 
Who was Dionne Warwick's most famous female cousin?	http://www.wikidata.org/entity/Q234695	Whitney Houston 
Which singer appeared in the film,Hannah Montana?	http://www.wikidata.org/entity/Q220591	Taylor Swift 
What was Lang Lang's instrument?	http://www.wikidata.org/entity/Q155713	Piano 
who was awarded the nobel prize in literature as a singer?	http://www.wikidata.org/entity/Q392	Bob Dylan 
Ashin was the lead singer of which brand?	http://www.wikidata.org/entity/Q704318	Mayday 
What is the first name of compose Vivaldi?	http://www.wikidata.org/entity/Q1340	Antonio 
What is Michael Jackson's birth name?	http://www.wikidata.org/entity/Q2831	Michael Joseph Jackson (English) 
When was Michael Jackson born?	http://www.wikidata.org/entity/Q2831	29 August 1958 
What are Michael Jackson's causes of death?	http://www.wikidata.org/entity/Q2831	combined drug intoxication	myocardial infarction 
What record label does the Innervisions album belong to?	http://www.wikidata.org/entity/Q1049169	Motown 
Who is the performer of the Innervisions album?	http://www.wikidata.org/entity/Q1049169	Stevie Wonder 
What is the place of birth of Madonna?	http://www.wikidata.org/entity/Q1744	Bay City 
Name the partners of Madonna	http://www.wikidata.org/entity/Q1744	Carlos Leon	Brahim Zaibat 
When was Queen formed?	http://www.wikidata.org/entity/Q15862	1970 
Who is the performer of the Boombastic album?	http://www.wikidata.org/entity/Q1402494	Shaggy 
What genre does Shaggy mainly perform?	http://www.wikidata.org/entity/Q310763	reggae 
Who is Avicii?	http://www.wikidata.org/entity/Q505476	Tim Bergling 
Who are the members of The Blakc Eyed Peas?	http://www.wikidata.org/entity/Q185610	will.i.am	apl.de.ap	Taboo 
When did Chester Bennington die?	http://www.wikidata.org/entity/Q19198	2017-07-20 
When did Chester Bennington die?	http://www.wikidata.org/entity/Q19198	2017-07-20 
What is a piano?	http://www.wikidata.org/entity/Q5994	A keyboard instrument 
From where does AC/DC come from?	http://www.wikidata.org/entity/Q27593	Australia 
When did Tyga start to play music?	http://www.wikidata.org/entity/Q358087	2007 
Where was The Weeknd born?	http://www.wikidata.org/entity/Q2121062	Toronto 
What award did The Weeknd receive in 2016?	http://www.wikidata.org/entity/Q2121062	Grammy Award for Best Urban Contemporary Album 
What is the real name of G-Eazy?	http://www.wikidata.org/entity/Q5511893	Gerald Earl 
Who founded Florence + the Machine?	http://www.wikidata.org/entity/Q217360	Florence Welch	Isabella Summers 
German musician Johannes Bach was born in what year?	http://www.wikidata.org/entity/Q252919	1604 
What was the name of The Beatles' first album?	http://www.wikidata.org/entity/Q58885267	Please Please Me 
When was Beyonce's "I am... Sasha Fierce" album released?	http://www.wikidata.org/entity/Q147006	12 November 2008 
Who were the members of Queen?	http://www.wikidata.org/entity/Q15862	Freddie Mercury	Brian May	Roger Taylor	John Deacon 
What was Avicii's birth name?	http://www.wikidata.org/entity/Q505476	Tim Bergling 
Sean Paul was born in which city?	http://www.wikidata.org/entity/Q200577	Kingston 
Who composed the song known as Peru's second national anthem, "La Flor de la Canela"?	http://www.wikidata.org/entity/Q5966717	Chabuca Granda 
What kind of an instrument is a cajon?	http://www.wikidata.org/entity/Q748455	Percussion instrument 
In 1990, what award did Nat King Cole win?	http://www.wikidata.org/entity/Q137042	Grammy Lifetime Achievement Award 
What city were the Beatles formed in?	http://www.wikidata.org/entity/Q1299	Liverpool 
Who is Kanye West's wife?	http://www.wikidata.org/entity/Q15935	Kim Kardashian 
When was Def Jam founded?	http://www.wikidata.org/entity/Q654283	1984 
Who were Mozart's teachers?	http://www.wikidata.org/entity/Q254	Johann Schobert	Johann Christian Bach 
How did Beethoven die?	http://www.wikidata.org/entity/Q255	Intoxication 
How many children does Eminem has?	http://www.wikidata.org/entity/Q5608	3 
Who started Interscope?	http://www.wikidata.org/entity/Q231694	Jimmy Iovine	Ted Field 
Which rock band was formerly known as Hybrid Theory?	http://www.wikidata.org/entity/Q16181777	Linkin Park	Xero 
Where did Mozart first performed The Magic Flute?	http://www.wikidata.org/entity/Q5064	Theater auf der Wieden 
Who were the members of Nirvana?	http://www.wikidata.org/entity/Q11649	Kurt Cobain	Krist Novoselic	Dave Grohl	Pat Smear 
When was Kurt Cobain born?	http://www.wikidata.org/entity/Q8446	1967-02-20 
Which bands did Slash play in?	http://www.wikidata.org/entity/Q34166	Guns N' Roses	Velvet Revolver	Slash's Snakepit	Slash's Blues Ball	Slash featuring Myles Kennedy and The Conspirators 
Which genres do Guns 'n Roses play?	http://www.wikidata.org/entity/Q11895	hard rock	glam metal	traditional heavy metal 
Who are the performers of Uptown Funk?	http://www.wikidata.org/entity/Q18559542	Mark Ronson	Bruno Mars 
In what country did heavy metal start?	http://www.wikidata.org/entity/Q38848	United States of America 
Who influenced Queen?	http://www.wikidata.org/entity/Q15862	The Beatles	The Who	Jimi Hendrix	Cream 
Who is the architect of the ROck and Roll Hall of Fame?	http://www.wikidata.org/entity/Q179191	I. M. Pei 
What is the hair color of Ed Sheeran?	http://www.wikidata.org/entity/Q47447	red hair 
How many record labels does Ed Sheeran have?	http://www.wikidata.org/entity/Q47447	3 
Who is Justin Bieber married to?	http://www.wikidata.org/entity/Q34086	Hailey Baldwin 
What instrument did Larry Adler play?	http://www.wikidata.org/entity/Q456711	Harmonica 
Who is the father of Miley Cyrus?	http://www.wikidata.org/entity/Q4235	Billy Ray Cyrus 
Who are the members of Linkin Park Band?	http://www.wikidata.org/entity/Q261	Brad Delson	Joseph Hahn	Mike Shinoda	Chester Bennington	Phoenix	Rob Bourdon	Mark Wakefield 
When did Michael Jackson die?	http://www.wikidata.org/entity/Q2831	25-06-2009 
Where did The Beatles form their band?	http://www.wikidata.org/entity/Q1299	Liverpool 
What is the birth name of Eminem?	http://www.wikidata.org/entity/Q5608	Marshall Bruce Mathers III 
Whose tour was The Mrs. Carter Show World Tour?	http://www.wikidata.org/entity/Q4168219	Beyoncé 
Who sang the song Rawhide?	http://www.wikidata.org/entity/Q1844307	Frankie Laine 
Who won the first season of the Dutch X Factor?	http://www.wikidata.org/entity/Q2163268	Sharon Kips 
Whose song was Hey There Delilah?	http://www.wikidata.org/entity/Q195326	Plain White T's 
When was ABBA's inception?	http://www.wikidata.org/entity/Q18233	1972 
When did Freddie Mercury die?	http://www.wikidata.org/entity/Q15869	1991-11-24 
Where does Kanye West live?	http://www.wikidata.org/entity/Q15935	United States of America 
Who is Kanye West married to?	http://www.wikidata.org/entity/Q15935	Kim Kardashian 
What award did Eminem win most recently?	http://www.wikidata.org/entity/Q5608	Grammy Award for Best Rap/Sung Performance 
What is Bruno Mars' music genre?	http://www.wikidata.org/entity/Q1450	contemporary R&amp;B 
What record lables has Katy Perry been signed to?	http://www.wikidata.org/entity/Q42493	Pamplin Music	The Island Def Jam Music Group	Columbia Records	Capitol Records	Island Records 
What is Lil Pump's real name?	http://www.wikidata.org/entity/Q38002101	Gazzy Garcia 
Who are the members of Europe?	http://www.wikidata.org/entity/Q185144	Joey Tempest	 John Norum	John Leven	Mic Michaeli	Ian Haugland	Kee Marcello	Tony Reno 
What are DJ Khaled's occupations?	http://www.wikidata.org/entity/Q80805	disc jockey	record producer	radio personality	musician	rapper	composer	beatmaker 
Where was the original Woodstock held?	http://www.wikidata.org/entity/Q164815	Bethel 
Who invented the phonograph?	http://www.wikidata.org/entity/Q116434	Thomas alva edison 
Who are the current and past members of the Rolling Stones?	http://www.wikidata.org/entity/Q11036	Mick Jagger	Keith Richards	Charlie Watts	Ronnie Wood	Brian Jones	Mick Taylor	Bill Wyman 
What year was the 'blues' genre established?	http://www.wikidata.org/entity/Q9759	1890 
From what era are the oldest flutes?	http://www.wikidata.org/entity/Q11405	35. millennium BCE 
In which century were the first operas performed?	http://www.wikidata.org/entity/Q1344	16. century 
What music recording sales certifications were established by the recording industry association of america?	http://www.wikidata.org/entity/Q241365	gold record	platinum record	silver record	diamond record 
Who is the composer of the musical the Phantom of the Opera?	http://www.wikidata.org/entity/Q382353	Andrew Lloyd Webber 
What are the two main parts of a guitar called?	http://www.wikidata.org/entity/Q6607	Neck	Body 
How did kurt cobain die?	http://www.wikidata.org/entity/Q8446	Suicide 
What was David Bowie's voice type?	http://www.wikidata.org/entity/Q5383	Baritone 
When did the former Linkin Park member Chester Bennington die?	http://www.wikidata.org/entity/Q19198	20 July 2017 
Which are the current members of Linkin Park?	http://www.wikidata.org/entity/Q261	Brad Delson	Joseph Hahn	Mike Shinoda	Phoenix	Rob Bourdon 
Is Robin Schulz man or woman?	http://www.wikidata.org/entity/Q16231940	male 
How can I find Robin Schulz on Twitter?	http://www.wikidata.org/entity/Q16231940	robin_schulz 
Does Felix Jaehn come from my own home town, namely Hamburg?	http://www.wikidata.org/entity/Q18943660	Yes 
What kind of music does Felix Jaehn produce?	http://www.wikidata.org/entity/Q18943660	deep house	tropical house	electronic dance music 
How many awards has Rammstein received?	http://www.wikidata.org/entity/Q25177	1 
Where does Rammstein come from?	http://www.wikidata.org/entity/Q25177	Germany 
When was Rammstein's latest song 'Deutschland' released?	http://www.wikidata.org/entity/Q62565108	28 March 2019 
Which band that John Lennon was a member of influenced Queen?	http://www.wikidata.org/entity/Q1299	The Beatles 
At what age did Michael Jackson die?	http://www.wikidata.org/entity/Q2831	2009-06-25 
Who are the members of The Jackson 5?	http://www.wikidata.org/entity/Q43267	Tito Jackson	Jackie Jackson	Jermaine Jackson	Marlon Jackson	Michael Jackson 
What were the nicknames of Michael Jackson?	http://www.wikidata.org/entity/Q2831	the King of Pop	Bambi 
In which country was Michael Jackson born?	http://www.wikidata.org/entity/Q2831	United States of America 
When did Michael Jackson start working on his music career?	http://www.wikidata.org/entity/Q2831	1964 
What was Michael Jackson's view on religion?	http://www.wikidata.org/entity/Q2831	He was a Jehovah's Witness 
Which genre was the song 'Thriller' written by Michael Jackson?	http://www.wikidata.org/entity/Q380825	funk	pop music 
Which record label was associated to the song 'Thriller' by Michael Jackson?	http://www.wikidata.org/entity/Q380825	Epic Records 
Who has founded Epic Records?	http://www.wikidata.org/entity/Q216364	Columbia Records 
Where is the headquarters of Epic Records?	http://www.wikidata.org/entity/Q216364	Los Angeles 
When did Freddie Mercury die?	http://www.wikidata.org/entity/Q15869	1991-11-24 
Where is the band U2 from?	http://www.wikidata.org/entity/Q396	Ireland 
What instrument does Eric Clapton play?	http://www.wikidata.org/entity/Q48187	Guitar 
What instrument does Eric Clapton play?	http://www.wikidata.org/entity/Q48187	Guitar 
What country is Kraftwerk from?	http://www.wikidata.org/entity/Q44892	Germany 
Who are the members of Run-D.M.C.?	http://www.wikidata.org/entity/Q159351	Joseph Simmons	Jam Master Jay	Darryl McDaniels 
Who was the manager of The Beatles?	http://www.wikidata.org/entity/Q1299	Brian Epstein 
Who founded Metallica?	http://www.wikidata.org/entity/Q15920	James Hetfield	Lars Ulrich 
What class of instruments does the flute belong to?	http://www.wikidata.org/entity/Q11405	woodwind instruments 
What is Mozart's birth name?	http://www.wikidata.org/entity/Q254	Johannes Chrysostomus Wolfgangus Theophilus Mozart 
Who is the drummer of the Red Hot Chili Peppers?	http://www.wikidata.org/entity/Q10708	Chad Smith 
What is the occupation of Larnell Lewis?	http://www.wikidata.org/entity/Q62168380	Drummer 
What is the genre of the music of Miles Davis?	http://www.wikidata.org/entity/Q93341	Jazz 
What are the names of the bands Corey Taylor sings in?	http://www.wikidata.org/entity/Q295120	Slipknot	Stone Sour 
When was the band Slipknot founded?	http://www.wikidata.org/entity/Q254138	1995 
What is the name of all the record labels that Linkin Park has had?	http://www.wikidata.org/entity/Q261	Warner Bros. Records	Machine Shop Records	Warner Music Group 
Who are the members of Twenty One Pilots?	http://www.wikidata.org/entity/Q7857806	Tyler Joseph	Joshua William Dun 
Which country does Snarky Puppy come from?	http://www.wikidata.org/entity/Q7547407	United States of America 
When did Johann Sebastian Bach die?	http://www.wikidata.org/entity/Q1339	38 July 1750 
Who created the album Blood Sugar Sex Magik?	http://www.wikidata.org/entity/Q329396	Red Hot Chili Peppers 
What was Stevie Wonder's birth name?	http://www.wikidata.org/entity/Q714	Stevland Hardaway Judkins 
Who is AC/DC's longest lasting band member?	http://www.wikidata.org/entity/Q27593	Angus Young 
Who is the king of pop?	http://www.wikidata.org/entity/Q2831	Michael Jackson 
How many singles did the third most sold single in the UK sell?	http://www.wikidata.org/entity/Q16996416	2,540,604 
When was John Lennon's killer born?	http://www.wikidata.org/entity/Q80462	10 May 1955 
How many songs did queen record between 1971 and 2014?	http://www.wikidata.org/entity/Q154291	A lot 
When was Spotify founded?	http://www.wikidata.org/entity/Q689141	23 April 2006 
Who was Wolfgang Amadeus Mozart's father's father's child?	http://www.wikidata.org/entity/Q1589201	Leopold Mozart 
Which award did Christopher Tin receive for Baba Yetu?	http://www.wikidata.org/entity/Q1087016	Grammy Award for Best Arrangement, Instrumental and Vocals 
What were Queen's second to first and Queen's last song between 1971 and 2014?	http://www.wikidata.org/entity/Q154291	Action This Day	A Dozen Red Roses For My Darling 
How fast is the song "Zombie"?	http://www.wikidata.org/entity/Q169298	84 (beats per minute) 
Which song is the European union's anthem based on?	http://www.wikidata.org/entity/Q11993	Ode to joy	Symphony No. 9 
What year was Dream theater founded?	http://www.wikidata.org/entity/Q162586	1985 
What genre does Green Day play?	http://www.wikidata.org/entity/Q47871	pop punk	alternative rock	punk rock	rock music 
When did Frank Sinatra die?	http://www.wikidata.org/entity/Q40912	14 May 1998 
What awards have De Jeugd van Tegenwoordig received?	http://www.wikidata.org/entity/Q2177479	Golden Harp	Popprijs 
Where is Henk Wijngaard born?	http://www.wikidata.org/entity/Q685768	Stadskanaal 
Where is Pink Floyd formated?	http://www.wikidata.org/entity/Q2306	London 
What is Snoop Dogg's birth name?	http://www.wikidata.org/entity/Q6096	Calvin Cordozar Broadus Jr. 
What is the cause of Michael Jackson's death?	http://www.wikidata.org/entity/Q2831	combined drug intoxication	myocardial infarction 
What ìnstrument does Slash play?	http://www.wikidata.org/entity/Q34166	Guitar 
What is the residence of Martin Garrix?	http://www.wikidata.org/entity/Q14544318	Amstelveen 
Who are the members of Metallica?	http://www.wikidata.org/entity/Q15920	Lars Ulrich	Kirk Hammett	Robert Trujillo	James Hetfield 
What is the country of origin of The Beatles?	http://www.wikidata.org/entity/Q1299	United Kingdom 
How many albums has Queen made?	http://www.wikidata.org/entity/Q59263377	8 
When was Universal Music founded?	http://www.wikidata.org/entity/Q38903	September 1934 
What is the highest note on a piano?	http://www.wikidata.org/entity/Q5994	Eighth octave C 
What award was awarded to Michael Jackson most recently?	http://www.wikidata.org/entity/Q2831	Grammy Lifetime Achievement Award 
How many members does Maroon 5 have?	http://www.wikidata.org/entity/Q182223	4 
Where was Armin van Buuren born?	http://www.wikidata.org/entity/Q62617	Leiden 
When did the Foo Fighters start?	http://www.wikidata.org/entity/Q483718	1994 
Where is Elvis Presley buried?	http://www.wikidata.org/entity/Q303	Graceland 
How many band members did the Beatles have in 1960?	http://www.wikidata.org/entity/Q1299	7 
Which member of the Beatles was the youngest?	http://www.wikidata.org/entity/Q1299	George Harrison 
Who were the band members of the Beatles?	http://www.wikidata.org/entity/Q1299	John Lennon	Ringo Starr	Paul McCartney	George Harrison	Pete Best	Stuart Sutcliffe	Chas Newby	Tommy Moore 
Did Ludwig van Beethoven influence the Beatles?	http://www.wikidata.org/entity/Q1299	Yes 
Did Louis Armstrong influence the Beatles?	http://www.wikidata.org/entity/Q1299	No 
How old was Ella Fitzgerald when she died?	http://www.wikidata.org/entity/Q1768	79 
Do you know how old Ella Fitzgerald was when she died?	http://www.wikidata.org/entity/Q1768	Yes 
How did Tony Barrow nickname the Beatles?	http://www.wikidata.org/entity/Q1299	The Fab Four 
In what manner did the Beatles' manager die?	http://www.wikidata.org/entity/Q203690	Suicide 
By who was Ella Fitzgerald influenced?	http://www.wikidata.org/entity/Q1768	Maxine Sullivan 
Who sings Take me to church?	http://www.wikidata.org/entity/Q18220127	Hozier 
What is drum and bass a subgenre of?	http://www.wikidata.org/entity/Q188994	electronic music	electronic dance music 
When did the Beatles break up?	http://www.wikidata.org/entity/Q1299	10 April 1970 
What is Lady Gaga's real name?	http://www.wikidata.org/entity/Q19848	Stefani Joanne Angelina Germanotta 
When did Beyonce start her career?	http://www.wikidata.org/entity/Q36153	1997 
Which bands was Dave Grohl in?	http://www.wikidata.org/entity/Q12006	Nirvana	Foo Fighters	Them Crooked Vultures 
What is Elvis Presley's signature look?	http://www.wikidata.org/entity/Q303	jumpsuit	sideburns 
Who were Mozart's teachers?	http://www.wikidata.org/entity/Q254	Johann Schobert	Johann Christian Bach 
What instruments does Bob Dylan play?	http://www.wikidata.org/entity/Q392	guitar	harmonica	piano 
What band was Madonna the drummer of?	http://www.wikidata.org/entity/Q1744	Breakfast Club 
Where is Michael Jackson born?	http://www.wikidata.org/entity/Q2831	Gary 
When did Michael Jackson die?	http://www.wikidata.org/entity/Q2831	25-06-2009 
When did ABBA stop?	http://www.wikidata.org/entity/Q18233	1982 
What is the occupation of Stef Bos?	http://www.wikidata.org/entity/Q547669	Singer	Translator	Actor 
Which languages does ABBA use??	http://www.wikidata.org/entity/Q18233	English	Spanish 
When did ABBA stop?	http://www.wikidata.org/entity/Q18233	1982 
In which country did ABBA start?	http://www.wikidata.org/entity/Q18233	Sweden 
Where the headquarter of TopNotch	http://www.wikidata.org/entity/Q1688849	Amsterdam 
What is the birth name of Dio	http://www.wikidata.org/entity/Q2794881	Diorno Dylyano Braaf 
What is the genre of Dio's music?	hhttp://www.wikidata.org/entity/Q2794881	hip hop music 
When was The Red Hot Chili Peppers formed?	http://www.wikidata.org/entity/Q10708	1983 
Who are the members of The Red Hot Chili peppers?	http://www.wikidata.org/entity/Q10708	Flea	John Frusciante	Anthony Kiedis	Chad Smith	Dave Navarro 
When did Tupac Shakur died?	http://www.wikidata.org/entity/Q6107	13-09-1996 
How did Tupac Shakur died?	http://www.wikidata.org/entity/Q6107	Homicide 
What was de spouse of Andre Hazes?	http://www.wikidata.org/entity/Q519588	Rachel Hazes 
What is notable song of Gnarls Barkley	http://www.wikidata.org/entity/Q726773	Crazy 
What is the genre of Joris Voorn his music?	http://www.wikidata.org/entity/Q1704007	Techno 
What kind of group is Linkin Park?	http://www.wikidata.org/entity/Q261	Rock band 
When was Nirvana founded?	http://www.wikidata.org/entity/Q11649	1987 
What are the record labels of Coldplay?	http://www.wikidata.org/entity/Q45188	Capitol Records	Atlantic Records 
Where is the band Volbeat originally from?	http://www.wikidata.org/entity/Q279105	Denmark 
Who was the performer behind Appleknockers Flophouse?	http://www.wikidata.org/entity/Q50321392	Cuby + Blizzards 
What materials are a guitar made of?	http://www.wikidata.org/entity/Q6607	maple	mahogany 
What year was the cello instrument of the year?	http://www.wikidata.org/entity/Q8371	2018 
How do you call someone who plays the cello?	http://www.wikidata.org/entity/Q8371	cellist 
What is Stevie Wonder's medical condition?	http://www.wikidata.org/entity/Q714	blindness 
Who sang Does Your Mother Know?	http://www.wikidata.org/entity/Q1234579	ABBA 
What album followed ABBA: The Album?	http://www.wikidata.org/entity/Q832259	Voulez-Vous 
How did Kurt Cobain name his kid?	http://www.wikidata.org/entity/Q8446	Frances Bean Cobain 
Which three record labels did Nirvana have?	http://www.wikidata.org/entity/Q11649	DGC Records	Geffen Records	Sub Pop 
What is the name of Taylor Swift's mother?	http://www.wikidata.org/entity/Q26876	Andrea Finlay 
What genre does The Script play?	http://www.wikidata.org/entity/Q459585	Pop rock 
What is Katy Perry's full birth name?	http://www.wikidata.org/entity/Q42493	Katheryn Elizabeth Hudson 
When did David Bowie die?	http://www.wikidata.org/entity/Q5383	10-01-2016 
What are Troye Sivan's occupations?	http://www.wikidata.org/entity/Q1362028	Actor	Singer-songwriter	YouTuber 
How many songs are on the Frozen soundtrack?	http://www.wikidata.org/entity/Q15530976	10 
In what countries is Avril Lavigne a citizen?	http://www.wikidata.org/entity/Q30449	Canada	France 
Who are Marco Borsato's children?	http://www.wikidata.org/entity/Q429385	Luca Borsato	Jada Borsato	Senna Borsato 
What language does Kelly Clarkson speak?	http://www.wikidata.org/entity/Q483507	English 
For what award was Sara Bareilles nominated?	http://www.wikidata.org/entity/Q230445	Tony Award for Best Original Score 
In what year did Elvis Presley die?	http://www.wikidata.org/entity/Q303	1977 
Which American duo released an album entitled "Bookends"?	http://www.wikidata.org/entity/Q796762	Simon &amp; Garfunkel 
"Bohemian Rhapsody" is a song by which group?	http://www.wikidata.org/entity/Q187745	Queen 
What is the first name of compose Vivaldi?	http://www.wikidata.org/entity/Q1340	Antonio 
What is the first name of compose Vivaldi?	http://www.wikidata.org/entity/Q719447	Antonio 
In which European city was Swedish pop group ABBA formed in 1972?	http://www.wikidata.org/entity/Q18233	Stockholm 
Who managed the Beatles prior to his early death in 1967?	http://www.wikidata.org/entity/Q1299	Brian Epstein 
The Copacabana nightclub was in which city?	http://www.wikidata.org/entity/Q1130938	New York 
What is Madonna's birth name?	http://www.wikidata.org/entity/Q1744	Madonna Louise Ciccone 
Who had the 1965 instrumental hit Spanish Flea?	http://www.wikidata.org/entity/Q2306834	Herb Alpert  
What country does A-Ha originate from?	http://www.wikidata.org/entity/Q156305	Norway 
Who are the members of Wham!?	http://www.wikidata.org/entity/Q744087	George Michael	Andrew Ridgeley 
What bands has Dave Grohl been a part of?	http://www.wikidata.org/entity/Q12006	Nirvana	Foo Fighters	Them Crooked Vultures 
In what year was the song "Happy Birthday To You" first published?	http://www.wikidata.org/entity/Q167545	1935 
What is Lady Gaga's real name?	http://www.wikidata.org/entity/Q19848	Stefani Joanne Angelina Germanotta 
Where was Freddie Mercury born?	http://www.wikidata.org/entity/Q15869	Zanzibar City 
What was the cause of Otis Redding's death?	http://www.wikidata.org/entity/Q217839	Aviation accident 
For what film was "The Circle of Life" written?	http://www.wikidata.org/entity/Q109026	The Lion King 
When did the Jonas Brothers quit?	http://www.wikidata.org/entity/Q134233	2013 
What album was Toto's "Africa" on?	http://www.wikidata.org/entity/Q383842	Toto IV 
When did Symphony X release The Odyssey?	http://www.wikidata.org/entity/Q917111	2002 
Is the founder of the band DIO still alive?	http://www.wikidata.org/entity/Q185151	No 
Which instrument does Michael Romeo play?	http://www.wikidata.org/entity/Q446286	guitar 
Who are the current members of Dream Theater?	http://www.wikidata.org/entity/Q162586	John Petrucci	John Myung	James LaBrie	Jordan Rudess	Mike Mangini 
From which album came the Dream Theater song A Change of Seasons?	http://www.wikidata.org/entity/Q3508223	A Change of Seasons 
What is the first song from Images and Words?	http://www.wikidata.org/entity/Q643906	Pull Me Under 
Who wrote the song Bohemian Rhapsody?	http://www.wikidata.org/entity/Q187745	Freddie Mercury 
How did David Bowie Die?	http://www.wikidata.org/entity/Q5383	liver cancer 
Which genre of music does Sabaton play?	http://www.wikidata.org/entity/Q740159	heavy metal	power metal	thrash metal 
Of which progressive rock band is Matthew Bellamy a member?	http://www.wikidata.org/entity/Q22151	Muse 
When was Elvis Presley born?	http://www.wikidata.org/entity/Q303	8 January 1935 
Where does Ch!pz come from?	http://www.wikidata.org/entity/Q200008	Netherlands 
What awards did the song 'Can You Feel The Love Tonight' by Elton John win?	http://www.wikidata.org/entity/Q1031911	Academy Award for Best Original Song	Golden Globe Award for Best Original Song 
What is the real name of rapper Yes-R?	http://www.wikidata.org/entity/Q1398870	Yesser Roshdy 
What genre did Bob Marley play?	http://www.wikidata.org/entity/Q409	Reggae 
What are the albums of Adele?	http://www.wikidata.org/entity/Q57781508	19	21	25 
What band was Justin Timberlake part of?	http://www.wikidata.org/entity/Q43432	NSYNC 
Who was the composer of Für Elise?	http://www.wikidata.org/entity/Q11980	Ludwig van Beethoven 
What voice type does Robbie Williams have?	http://www.wikidata.org/entity/Q47875	Tenor 
What were the members of Destiny's Child?	http://www.wikidata.org/entity/Q153056	LeToya Luckett	Beyoncé	Kelly Rowland	Michelle Williams	LaTavia Roberson	Farrah Franklin 
What's the real name of Lady Gaga?	http://www.wikidata.org/entity/Q19848	Stefani Germanotta 
Where was Justin Bieber born?	http://www.wikidata.org/entity/Q34086	London 
Who are the members of Queen?	http://www.wikidata.org/entity/Q6368317	Freddie Mercury	John Deacon	Roger Taylor	Brian May 
How did Prince die?	http://www.wikidata.org/entity/Q7542	Drug overdose 
Who was the first child of Michael Jackson?	http://www.wikidata.org/entity/Q7244161	Prince-Michael Joseph Jackson 
When was Thriller by Michael Jackson released?	http://www.wikidata.org/entity/Q44320	30-10-1982 
Who is Michael Jacksons father?	http://www.wikidata.org/entity/Q2831	Joe Jackson 
Which languages does Shakira speak?	http://www.wikidata.org/entity/Q34424	Spanish	English	Italian	Portuguese	French 
Is Shakira a model?	http://www.wikidata.org/entity/Q34424	Yes 
Which group is Gerard Joling a member of?	http://www.wikidata.org/entity/Q1372602	De Toppers 
What was the most streamed song to date?	http://www.wikidata.org/entity/Q59162147	Shape of You 
What was the most best selling album to date?	http://www.wikidata.org/entity/Q44320	Thriller 
What was the name of the first concert ever held?	http://www.wikidata.org/entity/Q6907707	Moondog Coronation Ball 
When was the first song recorded?	http://www.wikidata.org/entity/Q758389	18th Century 
Who invented music?	http://www.wikidata.org/entity/Q192238	Guido of Arezzo 
What is the study of music called?	http://www.wikidata.org/entity/Q208365	Ethnomusicology 
When did Michael Jackson die?	http://www.wikidata.org/entity/Q2831	25-06-2009 
Who is the king of Rock'n'Roll?	http://www.wikidata.org/entity/Q303	Elvis Presley 
Who were the members of the Eagles?	http://www.wikidata.org/entity/Q189635	Glenn Frey	Don Henley	Timothy Bruce Schmit	Joe Walsh	Don Felder	Randy Meisner	Bernie Leadon 
Who was the most popular band to date?	http://www.wikidata.org/entity/Q1299	The Beatles 
What does EDM stand for?	http://www.wikidata.org/entity/Q851213	Electronic dance music 
Who are the members of Queen?	http://www.wikidata.org/entity/Q15862	Freddie Mercury	Brian May	Roger Taylor	John Deacon 
When did Whitney Houston die?	http://www.wikidata.org/entity/Q34389	2012-02-11 
What's the name of the husband of Whitney Houston?	http://www.wikidata.org/entity/Q34389	Bobby Brown 
When did rock start?	http://www.wikidata.org/entity/Q11399	1950s 
What is Avicii's real name?	http://www.wikidata.org/entity/Q505476	Tim Bergling 
What is Linkin Park's official website?	http://www.wikidata.org/entity/Q261	https://linkinpark.com/ 
What movement was Mozart a part of?	http://www.wikidata.org/entity/Q254	Classical period 
What is rapping?	http://www.wikidata.org/entity/Q6010	Vocal technique used with spoken or chanted rhyming lyrics. 
What is Eminem's nickname?	http://www.wikidata.org/entity/Q5608	Slim Shady	Em	M and M	Eminem 
What is the country of origin of The Rolling Stones?	http://www.wikidata.org/entity/Q11036	United Kingdom 
In which album did Bohemian Rhapsody release?	http://www.wikidata.org/entity/Q187745	A Night at the Opera 
When was Michael Jackson born?	http://www.wikidata.org/entity/Q2831	29 August 1958 
The American band sometimes known as EWF established in 1970 whose genre were: funk, rhythm, and blues. What is the full name of the band?	http://www.wikidata.org/entity/Q28974	Earth, Wind and Fire 
What instruments could Wolfgang Amadeus Mozart play?	http://www.wikidata.org/entity/Q254	Organ	Clavichord	Harpsichord	Fortepiano	Violin	Viola	Piano	Pipe Organ 
Who are the members of Queen?	http://www.wikidata.org/entity/Q15862	Freddie Mercury	Brian May	Roger Taylor	John Deacon 
The song Night Fever released in the year 1978. Who performed this song?	http://www.wikidata.org/entity/Q2659767	Bee Gees 
The guitarist Angus Young performs for which rock band? And what year did he start?	http://www.wikidata.org/entity/Q27593	AC/DC	1973 
Of the four members of The Beatles, John, Ringo, Paul, and George. Who joined last and what year?	http://www.wikidata.org/entity/Q1299	Ringo	1962 
The song I Love Rock 'n' Roll was performed by who?	http://www.wikidata.org/entity/Q56653497	Joan Jett and the Blackhearts 
What is the music genre of Bob Marley?	http://www.wikidata.org/entity/Q409	reggae 
Who are the members of Fifth Harmony?	http://www.wikidata.org/entity/Q18921974	Lauren Jauregui	Ally Brooke	Dinah Jane Hansen	Normani 
How did Prince die?	http://www.wikidata.org/entity/Q7542	overdosis 
Where did the Beatles form?	http://www.wikidata.org/entity/Q1299	Liverpool 
Who performs the song 'Bitch better have my money"?	http://www.wikidata.org/entity/Q19688807	Rihanna 
Where did jazz originate?	http://www.wikidata.org/entity/Q8341	United States of America 
When was the inception of blues?	http://www.wikidata.org/entity/Q9759	1 january 1890 
Who is the creator of the Grammy Award?	http://www.wikidata.org/entity/Q41254	National Academy of Recording Arts and Sciences 
What is Cher's birth name?	http://www.wikidata.org/entity/Q12003	Cherilyn Sarkisian 
What is pop music based on?	http://www.wikidata.org/entity/Q37073	rock-'n-roll 
Who is the lead singer of Green Day?	http://www.wikidata.org/entity/Q47871	Billie Joe Armstrong 
What genre is the music of the band Imagine Dragons?	http://www.wikidata.org/entity/Q391348	Rock 
What kind of person practises music with the violin?	http://www.wikidata.org/entity/Q8355	Violinist 
What roles did Freddie Mercury have in the band Queen?	http://www.wikidata.org/entity/Q15869	Lead Vocalist	Songwriter 
The band Muse was started in?	http://www.wikidata.org/entity/Q22151	1994 
The place of birth of Johann Sebastian Bach was?	http://www.wikidata.org/entity/Q1339	Eisenach 
What are three different kinds of music genres?	http://www.wikidata.org/entity/Q9778	Electronic music	J-pop	Surf music 
What was the cause of death of Mozart?	http://www.wikidata.org/entity/Q254	Streptococcal Pharyngitis 
What partners has Ariana Grande had?	http://www.wikidata.org/entity/Q151892	Pete Davidson	Mac Miller	Big Sean	Nathan Sykes 
The middle name of James Arthur is?	http://www.wikidata.org/entity/Q717626	Andrew 
When did Notorious B.I.G die?	http://www.wikidata.org/entity/Q179157	1997-03-09 
Who are the members of the Red Hot Chili Peppers?	http://www.wikidata.org/entity/Q10708	Flea	John Frusciante	Anthony Kiedis	Chad Smith	Dave Navarro 
What is the nickname of Bruce Springsteen?	http://www.wikidata.org/entity/Q1225	The Boss 
Who produced the song Shape of My Heart by Sting?	http://www.wikidata.org/entity/Q3481461	Hugh Padgham 
Which two men formed Simon and Garfunkel?	http://www.wikidata.org/entity/Q484918	Paul Simon	Art Garfunkel 
On which album of Coldplay was the song Don't Panic published?	http://www.wikidata.org/entity/Q1772955	Parachutes 
Which band made the song another 45 miles?	http://www.wikidata.org/entity/Q51039792	Golden Earring 
In which city was rapper Meek Mill born?	http://www.wikidata.org/entity/Q1897911	Philadelphia 
How many kids does Jay-Z have?	http://www.wikidata.org/entity/Q62766	3 
Which two rappers formed the group Mobb Deep?	http://www.wikidata.org/entity/Q727115	Havoc	Prodigy 
What musical period anteceded the Romantic?	http://www.wikidata.org/entity/Q207591	Classical period 
In what tonality is Tchaikovsky's Piano Concerto No.1?	http://www.wikidata.org/entity/Q162935	B-flat minor 
Who composed the three Gymnopedies in 1888?	http://www.wikidata.org/entity/Q1190965	Erik Satie 
What classical movement is Bach's music usually attributed to?	http://www.wikidata.org/entity/Q1339	Baroque music 
In what poem is Beethoven's Symphony No. 9 based on?	http://www.wikidata.org/entity/Q11989	Ode to Joy 
In what city did the band Nirvana form in?	http://www.wikidata.org/entity/Q11649	Aberdeen 
In what city was Brhams born?	http://www.wikidata.org/entity/Q7294	Hamburg 
What killed Mozart?	http://www.wikidata.org/entity/Q254	Streptococcal pharyngitis 
What music genre is the band Pixies usually associated with?	http://www.wikidata.org/entity/Q188464	Alternative Rock 
What label were the Beatles registred with?	http://www.wikidata.org/entity/Q1299	Apple Records 
Where were the Foo fighters formed?	http://www.wikidata.org/entity/Q483718	Seattle 
When was Donnie born?	http://www.wikidata.org/entity/Q27187778	1994 
What genre is music form the band De Dijk?	http://www.wikidata.org/entity/Q1392924	rock music 
When was Anouk born?	http://www.wikidata.org/entity/Q46087	8 April 1975 
What is Ali B his real name?	http://www.wikidata.org/entity/Q2439541	Ali Bouali 
Who is the lead guitarist of AC/DC?	http://www.wikidata.org/entity/Q27593	Angus Young 
Who are the members of Daft Punk?	http://www.wikidata.org/entity/Q185828	Thomas Bangalter	Guy-Manuel de Homem-Christo 
What are the parts of a guitar?	http://www.wikidata.org/entity/Q6607	neck	body 
What is the superclass for classical guitar?	http://www.wikidata.org/entity/Q719120	guitar 
What is the birthname of Paco de Lucía?	http://www.wikidata.org/entity/Q153300	Francisco Sánchez Gómez 
Who is the leadsinger of Nirvana?	http://www.wikidata.org/entity/Q11649	Kurt Kobain 
When did Tupac die?	http://www.wikidata.org/entity/Q6107	13 September 1996 
What genre of music does No Doubt make?	http://www.wikidata.org/entity/Q43259	rock music 	alternative rock	reggae rock	reggae fusion	ska punk	pop music	post-grunge	punk rock	new wave	pop rock	ska	pop punk 
Which instruments does Lionel Richie play?	http://www.wikidata.org/entity/Q26695	Saxophone	Piano	Voice 
What is Eminems real name?	http://www.wikidata.org/entity/Q5608	Marshall Matters 
How old is Maluma?	http://www.wikidata.org/entity/Q17517186	25 
Where is Ed Sheeran born?	http://www.wikidata.org/entity/Q47447	Halifax 
Who are the members of the Eagles?	http://www.wikidata.org/entity/Q189635	Glenn Frey	Don Henley		Timothy Bruce Schmit	Joe Walsh	Don Felder	Randy Meisner	Bernie Leadon 
What gender is Skrillex?	http://www.wikidata.org/entity/Q19004	male 
Where is Camilo Cabello from?	http://www.wikidata.org/entity/Q18810940	United States of America 
Wat is the name of Ariana Grande's pet pig?	http://www.wikidata.org/entity/Q151892	Piggy Smalls 
When was Beyoncé born?	http://www.wikidata.org/entity/Q36153	04-09-1981 
What is Lady Gaga's real name?	http://www.wikidata.org/entity/Q19848	Stefani Joanne Angelina Germanotta 
Who invented the piano?	http://www.wikidata.org/entity/Q5994	Bartolomeo Cristofori 
How tall is Talor Swift?	http://www.wikidata.org/entity/Q26876	178 cm 
How many children did Johann Sebastian Bach have?	http://www.wikidata.org/entity/Q1339	20 
Where is Michael Jackson buried?	http://www.wikidata.org/entity/Q2831	Forest Lawn Memorial Park 
What was the cause of Mozart's death?	http://www.wikidata.org/entity/Q254	streptococcal pharyngitis 
Who were the members of One Direction?	http://www.wikidata.org/entity/Q146027	Niall Horan	Zayn Malik	Liam Payne	Louis Tomlinson	Harry Styles 
What is the study of music called?	http://www.wikidata.org/entity/Q638	musicology 
Who was the manager of The Beatles?	http://www.wikidata.org/entity/Q203690	Brian Epstein 
What music did Bob Marley make?	http://m.wikidata.org/entity/Q9794	reggae 
From which band is the song Bohemian Rapsody?	http://m.wikidata.org/entity/Q15862	Queen 
Due to what did Amy Winehouse die?	http://m.wikidata.org/entity/Q3505252	drug overdose 
In which country lived Avicii?	http://m.wikidata.org/entity/Q34	Sweden 
Who is Beyoncé's spouse?	http://m.wikidata.org/entity/Q62766	Jay-Z 
In which city is Lady Gaga born?	http://m.wikidata.org/entity/Q11299	Manhattan 
What is the birthplace of Robby Williams?	http://m.wikidata.org/entity/Q134902	Stoke-On-Trent 
From who is the album Off the Wall?	http://m.wikidata.org/entity/Q2831	Michael Jackson 
Which album of Michael Jackson followed by Off the Wall?	http://m.wikidata.org/entity/Q625491	One Day In Your Life 
When did the beatles break up?	http://www.wikidata.org/entity/Q1299	10-04-1970 
Where was Kraantje Pappie Born?	http://www.wikidata.org/entity/Q13627524	Rozenburg 
Where did Guus Meeuwis educate?	http://www.wikidata.org/entity/Q1235717	Tilburg University 
Which country is Queen from?	http://www.wikidata.org/entity/Q15862	United Kingdom 
Who are the members of Queen?	http://www.wikidata.org/entity/Q15862	Freddie Mercury	Brian May	Roger Taylor	John Deacon 
When did Freddie Mercury die?	http://www.wikidata.org/entity/Q15869	24-11-1991 
Where did Mozart die?	http://www.wikidata.org/entity/Q254	Vienna 
From whom is the song Bohemian Rhapsody?	http://www.wikidata.org/entity/Q187745	Queen 
When was Lil' Kleine born?	http://www.wikidata.org/entity/Q20895739	15-10-1994 
Who are the members of The Rolling Stones?	http://www.wikidata.org/entity/Q11036	Mick Jagger	Keith Richards	Charlie Watts	Ronnie Wood	Brian Jones	Mick Taylor	Bill Wyman 
What is the record label of BTS?	http://www.wikidata.org/entity/Q13580495	Big Hit Entertainment 
Who are the members of BTS?	http://www.wikidata.org/entity/Q13580495	V	J-Hope	Jin	Jungkook	Suga	RM 
What is the country of origin of BTS?	http://www.wikidata.org/entity/Q13580495	South Korea 
When was Frans Bauer born?	http://www.wikidata.org/entity/Q607838	1973-12-30 
Where was Frans Bauer born?	http://www.wikidata.org/entity/Q607838	Roosendaal 
What are the members of Linkin Park?	http://www.wikidata.org/entity/Q261	Brad Delson	Joseph Hahn	Mike Shinoda	Chester Bennington	Phoenix	Rob Bourdon	Mark Wakefield 
When did Chester Bennington die?	http://www.wikidata.org/entity/Q19198	2017-07-20 
How did Chester Bennington die?	http://www.wikidata.org/entity/Q19198	Suicide 
What is the genre of BTS?	hhttp://www.wikidata.org/entity/Q13580495	K-pop 
What are the members of Black Pink?	http://www.wikidata.org/entity/Q25056945	Jisoo	Rosé	Lalisa Manoban	Jennie Kim 
How many members does Black Pink have?	http://www.wikidata.org/entity/Q25056945	4 
When was Jimi Hendrix born?	http://www.wikidata.org/entity/Q5928	1942-11-27 
Who composed Happy Birthday song?	http://www.wikidata.org/entity/Q167545	Mildred J. Hill	Patty Hill 
Who is the drummer of Metallica band?	http://www.wikidata.org/entity/Q106193	Lars Ulrich 
In what genres does Taylor Swift perform?	http://www.wikidata.org/entity/Q26876	country music	pop rock 
What is Ariana Grande's voice type?	http://www.wikidata.org/entity/Q151892	soprano leggero 
In what year did The Beatles group dissolve?	http://www.wikidata.org/entity/Q1299	1970 
When did The Beatles stop performing?	http://www.wikidata.org/entity/Q1299	1970 
When was song Amazing Grace released?	http://www.wikidata.org/entity/Q210211	1970 
Where was J. S. Bach born?	http://www.wikidata.org/entity/Q1339	Eisenach 
Did Mozart play on violin?	http://www.wikidata.org/entity/Q254	Yes 
Who sings Who Let the Dogs Out?	http://www.wikidata.org/entity/Q3284275	Baha Men 
Which country pop singer was born 'Eilleen Regina Edwards'?	http://www.wikidata.org/entity/Q131433	Shania Twain 
Is Miley Cyrus the daughter of country singer Billy Ray Cyrus?	http://www.wikidata.org/entity/Q4235	Yes 
What is the better known stage name of Robyn Fenty?	http://www.wikidata.org/entity/Q36844	Rihanna 
How many strings does a violin usually have?	http://www.wikidata.org/entity/Q8355	four 
Where was was Elvis discovered dead in 1977?	http://www.wikidata.org/entity/Q303	Graceland 
Stewart Copeland was the drummer with which band?	http://www.wikidata.org/entity/Q315711	The Police 
What is the definition of music?	http://www.wikidata.org/entity/Q638	form of art using sound 
Which group comprised John Phillips, Denny Doherty, Cass Elliot, and Michelle Phillips?	http://www.wikidata.org/entity/Q211277	The Mama's and the Papa's 
The Dutch rock band "Golden Earring" consisted of which band members?	http://www.wikidata.org/entity/Q728049	Rinus Gerritsen	Barry Andrew Hay	George Kooymans	Cesar Zuiderwijk 
What band is Ozzy Osbourne a member of?	http://www.wikidata.org/entity/Q133151	Black Sabbath 
What genre does Miles Davis play?	http://www.wikidata.org/entity/Q93341	Jazz 
When was the studio album 2112 released?	http://www.wikidata.org/entity/Q204404	1976 
Where was the music group NSYNC formed?	http://www.wikidata.org/entity/Q154454	Orlando, Florida 
Was Jimi Hendrix left or right handed?	http://www.wikidata.org/entity/Q5928	Left-Handed 
Where was Woodstock Festival?	http://www.wikidata.org/entity/Q164815	Bethel, New York 
What is the artist Prince's real name?	http://www.wikidata.org/entity/Q7542	Prince Rogers Nelson 
Which note is the lowest on a bass guitar?	http://www.wikidata.org/entity/Q46185	D 
How do you spell xylophone in Dutch?	http://www.wikidata.org/entity/Q165666	Xylofoon 
Who was the composer of the movie Interstellar?	http://www.wikidata.org/entity/Q13417189	Hans Zimmer 
Who is the singer of Red Hot Chili Peppers?	http://www.wikidata.org/entity/Q10708	Anthony Kiedis 
How did Bob Marley die?	http://www.wikidata.org/entity/Q409	Natural causes (melanoma) 
What languages does Justin Bieber speak?	http://www.wikidata.org/entity/Q34086	English 
Who is the inventor of the Saxophone?	http://www.wikidata.org/entity/Q9798	Adolphe Sax 
What is the Dutch definition of music?	http://www.wikidata.org/entity/Q638	kunstvorm die gebruikmaakt van klanken, geschikt in een bepaald ritme 
What do you call the study of music?	http://www.wikidata.org/entity/Q638	musicology 
What is the country of origin for Techno?	http://www.wikidata.org/entity/Q170611	United States of America 
What type of instrument does a drum kit belong to?	http://www.wikidata.org/entity/Q128309	percussion insstrument 
When was the piano invented?	http://www.wikidata.org/entity/Q5994	1720 
Who wrote the 3 compositions known as Gymnopédies?	http://www.wikidata.org/entity/Q1190965	Erik Satie 
What is the study of music called?	http://www.wikidata.org/entity/Q164204	musicology 
What were Mozart's first names?	http://www.wikidata.org/entity/Q2589157	Wolfgang	Amadeus	Theophilus	Johannes	Chrysostom 
Who were the members of British rock band 'Queen'?	http://www.wikidata.org/entity/Q15869	Freddie Mercury	Brian May	Roger Taylor	John Deacon 
Who performed the theme song for the American television sitcom 'Friends'?	http://www.wikidata.org/entity/Q1334434	The Rembrandts 
In what year was the album 'Thriller' by Michael Jackson released?	http://www.wikidata.org/entity/Q2436	1982 
How many albums did English rock band The Beatles release?	http://www.wikidata.org/entity/Q37141	13 
By what stage name was Swedish DJ Tim Bergling known?	http://www.wikidata.org/entity/Q505476	Avicii 
What city was the birth place of American singer-songwriter Billy Joel?	http://www.wikidata.org/entity/Q60	New York City 
What British rock band is Will Champion the drummer of?	http://www.wikidata.org/entity/Q45188	Coldplay 
What first name do the English singer-songwriters with the last names Morrison and Blount share?	http://www.wikidata.org/entity/Q677191	James 
When did Tupac Shakur die?	http://www.wikidata.org/entity/Q6107	1996-09-13 
Who are the members of Wu-Tang Clan?	http://www.wikidata.org/entity/Q2329709	Pusha T	No Malice 
Where was Kendrick Lamar born?	http://www.wikidata.org/entity/Q487119	Compton 
When was Outkast formed?	http://www.wikidata.org/entity/Q472595	1992 
What album is N.Y. State of Mind a part of?	http://www.wikidata.org/entity/Q17061088	Illmatic 
Who is the rapper of 4 Your Eyez Only?	http://www.wikidata.org/entity/Q27981679	J. Cole 
What record label produced The College Dropout?	http://www.wikidata.org/entity/Q747526	Roc-A-Fella Records 
What is the genre of Nuthin' but a G' Thang?	http://www.wikidata.org/entity/Q1933481	Illmatic 
What album is N.Y. State of Mind a part of?	http://www.wikidata.org/entity/Q17061088	Illmatic 
When was Graduation by Kanye West released?	http://www.wikidata.org/entity/Q33240	2007-09-05 
What is steak?	http://www.wikidata.org/entity/Q213062	a cut of meat (e.g. beef, pork) 
What color is an apple?	http://www.wikidata.org/entity/Q89	red	green	yellow 
Who is the sandwich named after?	http://www.wikidata.org/entity/Q28803	John Montagu, 4th Earl of Sandwich 
What are kitchens used for?	http://www.wikidata.org/entity/Q43164	Cooking 
What is cider made of?	http://www.wikidata.org/entity/Q167296	Cider apples 
Where do brownies come from?	http://www.wikidata.org/entity/Q503129	The United States of America 
How is honey produced?	http://www.wikidata.org/entity/Q10987	Beekeeping 
What is the price of rice?	http://www.wikidata.org/entity/Q5090	4,150±1 Indian rupee 
Who manufactures Coca Cola?	http://www.wikidata.org/entity/Q2813	The Coca-Cola Company 
What are short names for Coca Cola?	http://www.wikidata.org/entity/Q2813	Coca	Cola	Coke 
When did Michael Jackson die?	http://www.wikidata.org/entity/Q2831	2009-06-25 
In what year was De Nederlandse Bachvereniging founded?	http://www.wikidata.org/entity/Q1180197	1921 
Where are the Backstreet Boys from?	http://www.wikidata.org/entity/Q17140	United States of America 
What tempo does Drum and Bass music typically have?	http://www.wikidata.org/entity/Q188994	170±10 
When was Het Dorp by Wim Sonneveld released?	http://www.wikidata.org/entity/Q2205964	1974-05-18 
What is the website of BLØF?	http://www.wikidata.org/entity/Q887154	https://www.blof.nl/ 
Who are the members of Imagine Dragons?	http://www.wikidata.org/entity/Q391348	Dan Reynolds	Daniel Wayne Sermón	Ben McKee	Daniiel Platzman 
Where was Elvis Presley born?	http://www.wikidata.org/entity/Q303	Tupelo 
Who composed the Matthew's Passion?	http://www.wikidata.org/entity/Q379111	Johann Sebastian Bach 
In what year was the piano invented?	http://www.wikidata.org/entity/Q5994	1720 
Who were all the members of the Rolling Stones?	http://www.wikidata.org/entity/Q110366	Mick Jagger	Keith Richards	Charlie Watts	Ronnie Wood	Brian Jones	Mick Taylor	Bill Wyman 
When was Paul McCartney born?	http://www.wikidata.org/entity/Q2599	1942-18-06 
When did Micheal Jackson die?	http://www.wikidata.org/entity/Q2831	2009-25-06 
When was Micheal Jackson born?	http://www.wikidata.org/entity/Q2831	1958-29-08 
In what city was Queen founded?	http://www.wikidata.org/entity/Q15862	London 
What are the two things the stage name of ACDC is named after?	http://www.wikidata.org/entity/Q27593	alternating current	direct current 
What is the name of the band ACDC was influenced by?	http://www.wikidata.org/entity/Q27593	Airbourne 
What is the birth name of the singer Sting?	http://www.wikidata.org/entity/Q483203	Gordon Matthew Thomas Sumner 
What is the name of the spouses of Sting?	http://www.wikidata.org/entity/Q483203	Frances Tomelty	Trudie Styler 
What is the country of origin of the band ABBA?	http://www.wikidata.org/entity/Q18233	Sweden 
Where did James Brown die?	http://www.wikidata.org/entity/Q5950	Atlanta 
What language does Eric Clapton speak?	http://www.wikidata.org/entity/Q48187	English 
What is the birth name of Eminem?	http://www.wikidata.org/entity/Q5608	Marshall Bruce Mathers III 
Who are the members of the Common Linnets?	http://www.wikidata.org/entity/Q15229258	Ilse DeLange	Waylon 
What discipline studies music?	http://www.wikidata.org/entity/Q638	musicology 
How did Tupac Shakur die?	http://www.wikidata.org/entity/Q6107	Homicide 
In what country is Defqon.1 Festival?	http://www.wikidata.org/entity/Q582456	Netherlands 
What is the birth date of The Notorious B.I.G	http://www.wikidata.org/entity/Q179157	21 May 1972 
What is the name of Ariana Grande's sibling?	http://www.wikidata.org/entity/Q151892	Frankie Grande 
What record labels was Johnny Cash part of?	http://www.wikidata.org/entity/Q42775	Sun Records	Charly Records	Columbia Records	American Recordings 
What band was Freddie Mercury in?	http://www.wikidata.org/entity/Q15862	Queen 
What piece of music from Civilization IV won a Grammy?	http://www.wikidata.org/entity/Q29298	Baba Yetu 
When was the CD invented?	http://www.wikidata.org/entity/Q34467	1979 
What was the cause of Amy Winehouse's death?	http://www.wikidata.org/entity/Q15897	drug overdose 
Who was the performer of Thriller?	http://www.wikidata.org/entity/Q15897	Michael Jackson 
Who owns the intellectual property for CD's?	http://www.wikidata.org/entity/Q34467	Sony 
What singer is known as "The king of Rock'n'Roll"?	http://www.wikidata.org/entity/Q303	Elvis Presley 
Who are members of The Beatles?	http://www.wikidata.org/entity/Q1299	John Lennon	Ringo Starr	Paul McCartney	George Harrison	Pete Best	Stuart Sutcliffe	Chas Newby	Tommy Moore 
What is an art form that uses sound called"?	http://www.wikidata.org/entity/Q638	Music 
Who wrote We Will Rock You?	http://www.wikidata.org/entity/Q326487	Queen	Brian May 
Who created Bohimian Rapsody?	http://www.wikidata.org/entity/Q15862	Queen 
What is the real name of Eminem?	http://www.wikidata.org/entity/Q5608	Marshall Bruce Mathers III 
Who are the members of The Beatles?	http://www.wikidata.org/entity/Q1299	John Lennon	Ringo Starr	Paul McCartney	George Harrison	Pete Best	Stuart Sutcliffe	Chas Newby	Tommy Moore 
How old was Michael Jackson when he died?	http://www.wikidata.org/entity/Q2831	50 
Who created the Star Wars theme?	http://www.wikidata.org/entity/Q131285	John Williams 
Where was Wiz Khalifa born?	http://www.wikidata.org/entity/Q117139	Minot 
How did Mac Miller die?	http://www.wikidata.org/entity/Q324726	Drug overdose 
Where does the music genre Jazz originally come from?	http://www.wikidata.org/entity/Q8341	United States of America 
What is the real gender of Lady Gaga	http://www.wikidata.org/entity/Q19848	Female 
What is the genre Rihanna plays in?	http://www.wikidata.org/entity/Q36844	Pop music	Rhythm and blues	Reggae	Hip hop music	Electronic dance music 
Which guitars did Jimi Hendrix play?	http://www.wikidata.org/entity/Q5928	Fender Stratocaster	Gibson Flying V 
Which artist performed on the album Trout Mask Replica?	http://www.wikidata.org/entity/Q194790	Captain Beefheart 
Who are the members of the Golden Earring?	http://www.wikidata.org/entity/Q728049	Rinus Gerritsen	Barry Andrew Hay	George Kooymans	Cesar Zuiderwijk 
What award did the band that played Little Green Bag receive?	http://www.wikidata.org/entity/Q2165220	Zilveren Harp 
When did Mac Miller pass away?	http://www.wikidata.org/entity/Q324726	7 September 2018 
What is Kendrick Lamar's family name?	http://www.wikidata.org/entity/Q130798	Duckworth 
Who produced Kendrick Lamar's To Pimp a Butterfly?	http://www.wikidata.org/entity/Q19602856	Dr. Dre 
What university did Armin van Buren attend?	http://www.wikidata.org/entity/Q62617	Leiden University 
Where is Ludovico Einaudi from?	http://www.wikidata.org/entity/Q83182	Italy 
What was the cause of the composer Tchaikovsky's death?	http://www.wikidata.org/entity/Q7315	cholera 
Who is the performer of the song 'Fireflies'?	http://www.wikidata.org/entity/Q1165917	Owl City 
What is the genre of Passenger?	http://www.wikidata.org/entity/Q653086	contemporary folk music 
What is the gender of Conchita Wurst?	http://www.wikidata.org/entity/Q113581	Male 
What is the birthname of Freddie Mercury?	http://www.wikidata.org/entity/Q15869	Farrokh Bulsara 
Where was Zanger Rinus born?	http://www.wikidata.org/entity/Q1989104	Drachten 
When was Stef Ekkel born?	http://www.wikidata.org/entity/Q2217056	9 August 1980 
What is the ethnic group of John Mayer?	http://www.wikidata.org/entity/Q215215	White American 
Who wrote the lyrics to the Pokémon themesong?	http://www.wikidata.org/entity/Q25906144	John Loeffler 
From what country came the song 'Kalinka'?	http://www.wikidata.org/entity/Q382559	Russia 
Where was Adam Young born?	http://www.wikidata.org/entity/Q2072790	Owatonna 
What is the Swedish description of a guitar?	http://www.wikidata.org/entity/Q6607	typ av stränginstrument 
What is the highest and lowest note that can be played on a piano?	http://www.wikidata.org/entity/Q5994	Eighth octave C	A 
What is the frequency of the highest note that can be played on a Piano?	http://www.wikidata.org/entity/Q5349143	4,186.009 hertz 
In what year did the winner of the 1984 grammy for best RnB song die?	http://www.wikidata.org/entity/Q2831	25 June 2009 
When did the lead vocalist of Queen join and subsequently leave the band?	http://www.wikidata.org/entity/Q15869	1970	1991 
What instrument family is the drum a part of?	http://www.wikidata.org/entity/Q11404	The percussion family 
When did the live aid benefit concert take place?	http://www.wikidata.org/entity/Q193740	1985 
Who hosted the british telivision programme top of the pops between 1964 and 2006?	http://www.wikidata.org/entity/Q930414	Jimmy Savile 
Which Genre of music originated as rock and roll in the 1950s?	http://www.wikidata.org/entity/Q11399	Rock music 
Who are the members of Backstreet Boys?	http://www.wikidata.org/entity/Q17140	A. J. McLean	Howie Dorough	Nick Carter	Brian Littrell	Kevin Richardson 
What is a trombone made of?	http://www.wikidata.org/entity/Q8350	Brass 
When were The Black Eyed Peas formed?	http://www.wikidata.org/entity/Q134541	1995 
When did Michael Jackson die?	http://www.wikidata.org/entity/Q2831	25 June 2009 
Where was Enrique Iglesias born?	http://www.wikidata.org/entity/Q47122	Madrid 
Who are the members of U2?	http://www.wikidata.org/entity/Q396	Bono	The Edge	Adam Clayton	Larry Mullen Jr. 
What is the real name of U2 member The Edge?	http://www.wikidata.org/entity/Q714845	David Howell Evans 
Who was the mother of the German componist Bach?	http://www.wikidata.org/entity/Q1339	Maria Elisabeth Lämmerhirt 
How many children does rapper Eminem have?	http://www.wikidata.org/entity/Q5608	3 
The american record label called Aftermath Entertainment was founden by which famous rapper?	http://www.wikidata.org/entity/Q389284	Dr.Dre 
Who composed the anthem of The Netherlands?	http://www.wikidata.org/entity/Q131713	Adrianus Valerius 
What year was the band Led Zeppelin formed?	http://www.wikidata.org/entity/Q2331	1968 
What awards has Ray Charles received?	http://www.wikidata.org/entity/Q544387	Polar Music Prize	Grammy Lifetime Achievement Award	Library of Congress Living Legend	Ordre des arts et des lettres	Florida Artists Hall of Fame	Kennedy Center Honors	National Medal of Arts 
When was Frank Sinatra born?	http://www.wikidata.org/entity/Q40912	12 December 1915 
Which bands has Dave Grohl been a part of?	http://www.wikidata.org/entity/Q12006	Nirvana	Foo Fighters	Them Crooked Vultures 
Where is a baglama from?	http://www.wikidata.org/entity/Q717773	Turkey 
What are the highest and lowest notes of a piano?	http://www.wikidata.org/entity/Q5994	Lowest is A	Highest is the eigth octave C 
What is the musical tempo?	http://www.wikidata.org/entity/Q189214	A musical concept indicating to the speed of interpretation 
When was the song "Bohemian Rhapsody" publihed?	http://www.wikidata.org/entity/Q187745	31 October 1975 
What is a musical flat?	http://www.wikidata.org/entity/Q7001368	An accidental lowering the pitch of a note by one chromatic semitone 
Who are the members of the band the Lonely Island?	http://www.wikidata.org/entity/Q863573	Andy Samberg	Jorma Taccone	Akiva Schaffer 
Who is the artist of Bohemian Rhapsody?	http://www.wikidata.org/entity/Q187745	Queen 
When was Hans Zimmer born?	http://www.wikidata.org/entity/Q76364	12 September 1957 
Who created the band Owl City?	http://www.wikidata.org/entity/Q207938	Adam Young 
Which country did jazz originate from?	http://www.wikidata.org/entity/Q8341	United States of America 
Who were the members of the Jackson 5?	http://www.wikidata.org/entity/Q43267	Jackie Jackson	Tito Jackson	Jermaine Jackson	Marlon Jackson	Michael Jackson 
In what city was Bruno Mars born?	http://www.wikidata.org/entity/Q1450	Honolulu 
What is the title of the theme song of The Lion King	http://www.wikidata.org/entity/Q36479	Circle of Life 
What album was the song Border Reiver by Mark Knopfler part of?	http://www.wikidata.org/entity/Q16335089	Get Lucky 
What is the birth name of rapper Pitbull?	http://www.wikidata.org/entity/Q187844	Armando Christian Pérez 
Who composed the theme music for Game of Thrones?	http://www.wikidata.org/entity/Q27813929	Ramin Djawadi 
When was Shakira born?	http://www.wikidata.org/entity/Q34424	1977-02-02 
When were The Beatles dissolved?	http://www.wikidata.org/entity/Q1299	1970-04-10 
Where did Michael Jackson die?	http://www.wikidata.org/entity/Q2831	Los Angeles 
Where was David Bowie born?	http://www.wikidata.org/entity/Q5383	Brixton 
Who are David Bowie's children?	http://www.wikidata.org/entity/Q5383	Duncan Jones	Alexandria Zahra Jones 
What was the year of inception of the band Gorillaz?	http://www.wikidata.org/entity/Q189991	1998 
Where was J.I.D born?	http://www.wikidata.org/entity/Q29588830	Atlanta 
What is MF DOOM's given name?	http://www.wikidata.org/entity/Q304675	Daniel 
What is 50 cents's birth name?	http://www.wikidata.org/entity/Q6060	Curtis James Jackson III 
How many children does 50 cent have?	http://www.wikidata.org/entity/Q6060	Two 
Who is the singer of Red Hot Chili Peppers?	http://www.wikidata.org/entity/Q204751	Anthony Kiedis 
When was Red Hot Chili Peppers founded?	http://www.wikidata.org/entity/Q10708	1983 
What is the real name of the bassist Flea?	http://www.wikidata.org/entity/Q202859	Michael Peter Balzary 
What is the name of the son of Anthony Kiedis?	http://www.wikidata.org/entity/Q204751	Everly Kiedis 
Where was Chad Smith born?	http://www.wikidata.org/entity/Q269500	Saint Paul 
Who are the members of Muse?	http://www.wikidata.org/entity/Q22151	Matthew Bellamy	Christopher Wolstenholme	Dominic Howard 
'The Getaway' is an album from...?	http://www.wikidata.org/entity/Q24021025	Red Hot Chili Peppers 
How many children does Chris Martin have?	http://www.wikidata.org/entity/Q712860	2 
What instrument does Josh Klinghoffer play?	http://www.wikidata.org/entity/Q219638	Guitar 
What band is Jonny Buckland a member of?	http://www.wikidata.org/entity/Q822029	Coldplay 
Who where the original members of Queen?	http://www.wikidata.org/entity/Q15862	Freddie Mercury	Brian May	Roger Taylor	John Deacon 
Which member of The Beatles is the oldest?	http://www.wikidata.org/entity/Q2632	Ringo Starr 
When did The Beatles split up?	http://www.wikidata.org/entity/Q1299	1970-04-10 
Who wrote Don't Pass Me By?	http://www.wikidata.org/entity/Q2319841	Ringo Starr 
What country is ABBA from?	http://www.wikidata.org/entity/Q18233	Sweden 
From which album is Dancing Queen?	http://www.wikidata.org/entity/Q162392	Arrival 
In what year did Freddie Mercury pass away?	http://www.wikidata.org/entity/Q15869	1991 
Who was Freddie Mercury's second partner?	http://www.wikidata.org/entity/Q15869	Jim Hutton 
What was the last film The Beatles made?	http://www.wikidata.org/entity/Q3745446	Let It Be 
Who won the 1974 Eurovision song contest?	http://www.wikidata.org/entity/Q207541	ABBA 
What is the main subject of the song Hotel California by The Eagles?	http://www.wikidata.org/entity/Q780394	drug 
What genre of music did The Black Eyed Peas make?	http://www.wikidata.org/entity/Q134541	techno	hip hop music	pop music 
In which country is the Amsterdam dance event held?	http://www.wikidata.org/entity/Q4748857	Netherlands 
What is the lowest note of a piano?	http://www.wikidata.org/entity/Q5994	A 
Can you name the country where the music genre Jazz is originated?	http://www.wikidata.org/entity/Q8341	United States of America 
Which parts does a guitar consist of?	http://www.wikidata.org/entity/Q6607	neck	body 
Which awards did Pink Floyd receive?	http://www.wikidata.org/entity/Q2306	Grammy Award for Best Rock Instrumental Performance	Grammy Hall of Fame	Rock and Roll Hall of Fame 
On wich date was the album Homework by Daft Punk released?	http://www.wikidata.org/entity/Q920504	20 January 1997 
Where is the Jazz musician B.B. King born?	http://www.wikidata.org/entity/Q188969	Berclair 
What is the name of the artist that performs in the single Piano Man?	http://www.wikidata.org/entity/Q1813850	Billy Joel 
When was Slash born?	http://www.wikidata.org/entity/Q34166	1965-23-07 
What instruments did Freddie Mercury play?	http://www.wikidata.org/entity/Q15869	guitar	piano	Hammond organ	keyboard instrument	voice 
Where was Guns N' Roses formed?	http://www.wikidata.org/entity/Q11895	Los Angeles 
How many children does Eminem have?	http://www.wikidata.org/entity/Q5608	3 
What is the birth name of Slim Shady?	http://www.wikidata.org/entity/Q5608	Marshall Bruce Mathers III  
Who are the members of Tenacious D?	http://www.wikidata.org/entity/Q5608	Jack Black 	Kyle Gass  
Who owns MTV?	http://www.wikidata.org/entity/Q43359	Viacom 
AC/DC originated in what country?	http://www.wikidata.org/entity/Q27593	Australia 
What was the band AC/DC named after?	http://www.wikidata.org/entity/Q27593	alternating voltage	direct current 
Who influenced AC/DC	http://www.wikidata.org/entity/Q27593	Airbourne 
When did Elvis Presley die?	http://www.wikidata.org/entity/Q303	1977-08-16 
Who are the members of Backstreet Boys?	http://www.wikidata.org/entity/Q17140	A. J. McLean	Howie Dorough	Nick Carter	Brian Littrell	Kevin Richardson 
What is the birth name of Eminem?	http://www.wikidata.org/entity/Q5608	Marshall Bruce Mathers III 
Who is the spouse of Kanye West?	http://www.wikidata.org/entity/Q15935	Kim Kardashian 
How many children does Beyoncé have?	http://www.wikidata.org/entity/Q36153	3 
Where was Freddie Mercury born?	http://www.wikidata.org/entity/Q15869	Zanzibar City 
How did Kurt Cobain die?	http://www.wikidata.org/entity/Q8446	Suicide 
What kind of music do System of a Down play?	http://www.wikidata.org/entity/Q45165	nu metal	alternative metal	heavy metal	hard rock 
Who was the composer of The Four Seasons?	http://www.wikidata.org/entity/Q12016	Antonio Vivaldi 
When did Michael Jackson receive his first Grammy Award?	http://www.wikidata.org/entity/Q2831	1984 
Who are the members of Imagine Dragons?	http://www.wikidata.org/entity/Q391348	Dan Reynolds	Daniel Wayne Sermón	Ben McKee	Daniel Platzman 
What is the website of Mumford and Sons ?	http://www.wikidata.org/entity/Q953918	https://mumfordandsons.com/ 
Where did Panic at the Disco start?	http://www.wikidata.org/entity/Q277551	Las Vegas 
Where does Alan Walker come from?	http://www.wikidata.org/entity/Q21808729	Norway 
Where is Alan Walker's full name?	http://www.wikidata.org/entity/Q21808729	Alan Olav Walker 
When is Janieck Davy born?	http://www.wikidata.org/entity/Q20978394	24 june 1994 
When did Spinnin' Records started?	http://www.wikidata.org/entity/Q2310883	1999 
Where is Martin Garrix born?	http://www.wikidata.org/entity/Q14544318	Amstelveen 
Which year did Martin Garrix publish Animals?	http://www.wikidata.org/entity/Q14565308	2013 
Who are Justin Bieber's siblings?	http://www.wikidata.org/entity/Q34086	Jazmyn Bieber	Jaxon Bieber 
When did Michael Jackson die?	http://www.wikidata.org/entity/Q2831	29 August 1958 
Who are the members of Rammstein?	http://www.wikidata.org/entity/Q25177	Till Lindemann	Richard Z. Kruspe	Paul Landers	Oliver Riedel	Christoph Schneider	Christian Lorenz 
What is the home country of Within Temptation band?	http://www.wikidata.org/entity/Q57138	Netherlands 
In which city Lindsey Stirling was born?	http://www.wikidata.org/entity/Q128667	Santa Ana 
How many members are in Little Big?	http://www.wikidata.org/entity/Q24261863	4 
Who is the oldest in Mamamoo?	http://www.wikidata.org/entity/Q19483969	Solar 
When was jazz introduced?	http://www.wikidata.org/entity/Q8341	1900s 
Who is a famous violinst and dancer that posts videos on YouTube?	http://www.wikidata.org/entity/Q128667	Lindsey Stirling 
What is the name of a speech-generating software featuring Hatsune Miku?	http://www.wikidata.org/entity/Q552682	Vocaloid 
In which musical genres does Akiko Shikata perform?	http://www.wikidata.org/entity/Q2462075	J-Pop	ethereal wave 
How did Jimi Hendrix die?	http://www.wikidata.org/entity/Q5928	barbiturate overdose 
What musical genres did Thelonious Monk perform?	http://www.wikidata.org/entity/Q109612	jazz	bebop	hard bop	stride	cool jazz 
When was the band GWAR founded?	http://www.wikidata.org/entity/Q507863	1984 
Which instruments do the 1812 Overture use?	http://www.wikidata.org/entity/Q212776	orchestra	cannon 
What is the birthname of B.B. King?	http://www.wikidata.org/entity/Q188969	Riley Ben King 
Where did Plastic Bertrand receive his musical education?	http://www.wikidata.org/entity/Q558440	Riley Ben King 
What is the name of the guitar of B.B. King?	http://www.wikidata.org/entity/Q898248	Lucille 
On which album of the band Deftones did the song My Own Summer appear?	http://www.wikidata.org/entity/Q3868891	Around the Fur 
In which conutry did Chiptune originate?	http://www.wikidata.org/entity/Q135637	Japan 
Eminem has signed with which record labels?	http://www.wikidata.org/entity/Q5608	Shady Records	Interscope Records	Aftermath Entertainment	Rawkus Records	Web Entertainment	Bassmint Productions 
Who were the members of The Doors?	http://www.wikidata.org/entity/Q45354	Jim Morrison	Robby Krieger	Ray Manzarek	John Densmore 
What were the music genres played by The Doors?	http://www.wikidata.org/entity/Q45354	Psychedelic Rock	Blues Rock 
What is Woodstock ?	 http://www.wikidata.org/entity/Q164815 	 Woodstock was a music festival in New York, US  
When did the Woodstock festival take place?	 http://www.wikidata.org/entity/Q164815 	 In 1969  
When was Jimmi Hendrix born?	 http://www.wikidata.org/entity/Q5928 	 On the 27th of November, 1942 
When did Jimmi Hendrix die?	 http://www.wikidata.org/entity/Q5928 	 on the 18th of September, 1970  
What is Rock Music ?	 http://www.wikidata.org/entity/Q11399 	 Rock is a genre of popular music that originated as "rock and roll" in 1950s in USA  
Who is Orpheus?	http://www.wikidata.org/entity/Q174353 	 Orpheus is a legendary musician, poet, and prophet in ancient Greek religion and myth  
What is a lyre?	 http://www.wikidata.org/entity/Q201129 	  A lyre is a string instrument from Greek classical antiquity  
What is a tambourine?	 http://www.wikidata.org/entity/Q193666 	 A tambourine is a musical instrument in the percussion family  
When did Michael Jackson die?	http://www.wikidata.org/entity/Q2831	2009-06-25 
Where was Madonna born?	http://www.wikidata.org/entity/Q1744	Bay City 
What band did Sting play for?	http://www.wikidata.org/entity/Q483203	The Police 
Where was Jimi Hendrix buried?	http://www.wikidata.org/entity/Q5928	Greenwood Memorial Park 
What is Sting his real name?	http://www.wikidata.org/entity/Q483203	Gordon Matthew Thomas Sumner 
Who composed Bohemian Rhapsody?	http://www.wikidata.org/entity/Q187745	Freddie Mercury 
How long is the song Bohemian Rhapsody?	http://www.wikidata.org/entity/Q187745	355 seconds 
What genre is the song Baba O'Riley?	http://www.wikidata.org/entity/Q787812	hard rock 
Who performed Baba O'Riley?	http://www.wikidata.org/entity/Q787812	The Who 
How tall is Roger Daltrey?	http://www.wikidata.org/entity/Q311672	66 inch 
Where was Ludovico Einaudi born?	http://www.wikidata.org/entity/Q83182	Turin 
When was Klaus Wunderlich born?	http://www.wikidata.org/entity/Q657139	1931-06-18 
What was the founding year of the Dutch rock band Kensington?	http://www.wikidata.org/entity/Q2778701	2005 
What was Avicii's real name?	http://www.wikidata.org/entity/Q505476	Tim Bergling 
Which awards did Dutch rapper Ali B receive?	http://www.wikidata.org/entity/Q2439541	Neerlands Hoop	Zilveren Harp	Zilveren Televizier-Ster	Popprijs 
From which town is the Dutch band Chef'Special?	http://www.wikidata.org/entity/Q13462155	Haarlem 
Who are in the Foo Fighters?	http://www.wikidata.org/entity/Q483718	Dave Grohl	Franz Stahl 
When did Oasis release the single "Don't look back in anger"?	http://www.wikidata.org/entity/Q1070349	1996-02-19 
Who wrote the lyrics for Oasis' single "Don't look back in anger?"	http://www.wikidata.org/entity/Q1070349	Noel Gallagher 
Which band wrote a song called "Hey Jude"?	http://www.wikidata.org/entity/Q607742	The Beatles 
Where are Red Hot Chili Peppers from?	http://www.wikidata.org/entity/Q10708	United States of America 
When did Muse form?	http://www.wikidata.org/entity/Q22151	1994 
What genre is Toxicity?	http://www.wikidata.org/entity/Q45340	alternative metal 
Who wrote the lyrics to Chop Suey!?	http://www.wikidata.org/entity/Q842880	Serj Tankian	Daron Malakian 
Who produced Californication?	http://www.wikidata.org/entity/Q219425	Rick Rubin 
What album is Under the Bridge from?	http://www.wikidata.org/entity/Q970993	Blood Sugar Sex Magik 
Who performed Fistful of Steel?	http://www.wikidata.org/entity/Q5862344	Rage Against the Machine 
When was Killing in the Name released?	http://www.wikidata.org/entity/Q1129215	November 1992 
Who was Radiohead influenced by?	http://www.wikidata.org/entity/Q44190	Pink Floyd 
What record label published Creep?	http://www.wikidata.org/entity/Q863433	Parlophone	EMI 
When did Freddie Mercury die?	http://www.wikidata.org/entity/Q15869	1991-11-24 
How many members does Queen have?	http://www.wikidata.org/entity/Q15862	4 
How many kids does Drake have?	http://www.wikidata.org/entity/Q33240	1 
What name was The Weeknd given at birth?	http://www.wikidata.org/entity/Q2121062	Abel Makkonen Tesfaye 
What are the names of the children of Kanye West?	http://www.wikidata.org/entity/Q15935	North West	Saint West	Chicago West 
When was Michael Jackson born?	http://www.wikidata.org/entity/Q2831	1958-08-29 
In what year did Dr. Dre start working?	http://www.wikidata.org/entity/Q6078	1984 
Where was Drake born?	http://www.wikidata.org/entity/Q33240	Toronto 
Where does Drake live?	http://www.wikidata.org/entity/Q33240	Hidden Hills 
What instrument does Kendrick Lamar use?	http://www.wikidata.org/entity/Q130798	Voice 
What awards did Rammstein recieve, if any?	http://www.wikidata.org/entity/Q25177	MTV Europe Music Award for Best German Act 
What genre of music did Janis Joplin make?	http://www.wikidata.org/entity/Q1514	psychedelic rock	blues	blues rock	soul music	acid rock	hard rock	contemporary folk music	country music 
What country did indie folk originate from?	http://www.wikidata.org/entity/Q1317816	United States of America	United Kingdom 
In what band(s) did Micheal Jackson perform?	http://www.wikidata.org/entity/Q2831	The Jackson 5 
When was Leonard Cohen born?	http://www.wikidata.org/entity/Q1276	21 September 1934 
Who are the band members of Coldplay?	http://www.wikidata.org/entity/Q45188	Chris Martin	Jonny Buckland	Guy Berryman	Will Champion	Phil Harvey 
When was the single 'Hide and Seek' released?	http://www.wikidata.org/entity/Q603753	19 May 2005 
From what genre is the single 'Lemon Tree'?	http://www.wikidata.org/entity/Q686654	Britpop 
How did Kurt Cobain die?	http://www.wikidata.org/entity/Q8446	suicide 
Where did the band Queen form?	http://www.wikidata.org/entity/Q15862	London 
